Speed,Temperature,Vibration,Noise,Load,Defect
1.3696,64.7888,0.0060,64.4447,87.3902,0
1.2256,66.9553,0.0648,48.9149,83.0075,3
1.2172,70.6487,0.0223,46.8137,128.4016,5
1.4818,69.1202,0.0162,55.6870,78.2768,0
1.7115,63.8716,0.0749,59.2068,72.1606,3
1.9033,66.2137,0.0198,57.0514,86.4849,0
1.0453,62.9699,0.0117,90.4422,90.0967,4
1.8494,68.0755,0.0025,46.9056,51.7673,0
1.1860,72.4637,0.0131,56.8432,61.9915,0
1.6068,65.8538,0.0226,56.4788,98.7016,0
1.6390,58.0235,0.0154,49.8060,51.9392,0
1.3002,62.1621,0.0936,54.5343,77.5770,3
1.4895,86.2779,0.0102,61.6371,56.5971,2
1.7996,58.8284,0.0108,57.4628,70.9374,0
1.1903,73.1622,0.0491,57.4451,82.0817,3
1.0696,59.3992,0.0150,86.5940,93.9436,4
1.1005,72.2822,0.0159,46.7364,103.9123,5
1.8546,58.9025,0.0187,56.5261,64.5193,0
1.1798,54.1808,0.0171,57.5509,81.6888,0
1.3523,64.2655,0.0262,52.5844,53.4425,0
1.7573,60.4011,0.0140,55.0494,87.4454,0
1.8945,63.6182,0.0063,53.3992,50.5152,0
1.7828,79.2941,0.0146,54.6383,53.9687,2
1.6845,91.0255,0.0183,55.3364,76.8250,2
1.7558,69.1149,0.0155,83.6807,87.5945,4
1.7374,78.4899,0.0182,54.0445,58.4717,0
1.4151,68.0767,0.0126,54.3291,77.0983,0
1.0034,72.3442,0.0189,58.4302,112.8838,5
1.9202,52.9328,0.0168,57.9468,97.8632,0
1.2383,87.8210,0.0217,62.8687,86.6177,2
1.3317,65.0354,0.0134,82.1485,59.6611,4
1.2547,65.4758,0.0095,52.1149,99.6835,1
1.6479,73.2428,0.0099,57.0729,70.9774,0
1.2175,48.7594,0.0335,63.7666,89.5055,0
1.2523,74.2027,0.0113,85.1446,95.8128,4
1.9867,56.6022,0.0037,57.1771,96.3184,0
1.3429,67.6828,0.0737,55.3107,80.6448,3
1.8940,64.9346,0.0154,57.0347,83.5791,0
1.8626,73.8261,0.0083,54.5762,84.2722,0
1.7472,93.7278,0.0158,45.8996,64.0322,2
1.0188,60.3941,0.0102,58.6686,75.9724,0
1.2379,63.7179,0.0012,58.3759,95.5457,0
1.5529,62.9290,0.0144,53.3252,89.0362,0
1.5014,72.8508,0.0211,88.2202,91.2576,4
1.4920,57.7511,0.0126,57.8837,58.9841,0
1.9879,61.3915,0.0675,54.7991,66.9112,3
1.1015,54.6607,0.0093,46.2433,86.4376,0
1.6160,64.1638,0.0151,51.7892,63.1686,0
1.1691,68.6042,0.0252,54.1763,99.7878,0
1.0654,65.1349,0.0113,53.7783,109.0906,5
1.9790,63.3005,0.0006,55.6511,94.9790,0
1.4268,82.6525,0.0107,53.5183,99.6868,2
0.5691,64.8210,0.0092,51.9076,72.6785,1
1.0176,60.6244,0.0925,64.5535,69.2024,3
1.0095,70.2093,0.0162,57.4546,72.5976,1
1.0242,95.8251,0.0134,58.2593,70.5549,2
1.8270,62.1860,0.0173,47.1447,97.1031,0
1.3558,60.2930,0.0231,56.3368,71.3529,0
1.7514,68.9767,0.0178,57.6214,125.8730,5
1.5721,78.2602,0.0281,57.4093,85.0873,2
1.3494,70.0326,0.0148,54.0187,79.9841,0
1.9688,71.3739,0.0096,60.7512,69.3964,0
1.4522,66.4388,0.0522,50.1386,59.0741,3
1.1556,55.2703,0.0097,61.5927,80.0059,5
1.0424,93.6859,0.0128,59.2771,55.9960,2
1.7080,65.9249,0.0219,63.5381,116.1217,5
1.9315,68.4581,0.0219,71.9278,53.8736,4
1.4465,86.8271,0.0171,59.7177,81.7672,2
1.2829,72.1826,0.0619,54.6388,74.6547,3
1.0344,62.8571,0.0117,63.3119,70.2727,1
1.5791,65.3981,0.0087,47.2270,97.1110,0
1.3589,64.9668,0.0214,51.7331,70.3751,0
1.7894,73.3587,0.0215,56.9192,86.3149,0
1.8816,64.5220,0.0081,52.1112,99.7621,0
1.6048,60.0955,0.0099,54.1771,93.5158,0
1.7119,54.4310,0.0179,54.7907,64.6965,0
1.6733,62.1204,0.0646,53.6147,70.3614,3
1.8826,73.3143,0.0151,91.2809,59.2273,4
1.5787,73.4021,0.0125,56.9384,64.4706,0
1.4149,61.8097,0.0152,63.0804,82.0552,0
1.3981,69.7090,0.0141,55.9431,93.7464,5
1.3821,66.4636,0.0144,60.3239,62.4288,0
1.6218,62.5287,0.0127,75.0634,82.5128,4
1.8751,64.2368,0.0619,54.8744,89.7083,3
1.6590,60.7562,0.0053,48.8203,78.4936,5
1.0190,66.0994,0.0059,77.2885,85.7038,4
1.6146,72.5598,0.0151,54.3581,86.3553,0
1.7477,58.3821,0.0057,52.2645,70.9495,5
1.5158,64.2351,0.0269,65.3934,50.2935,0
1.2842,83.0878,0.0132,54.1954,96.3356,2
1.0051,66.7192,0.0087,56.8175,87.0703,1
1.7277,62.4550,0.0204,55.2274,50.8698,0
1.7937,68.8621,0.0127,87.7746,61.3839,4
0.5000,69.3137,0.0123,55.3959,58.5500,1
1.4798,72.3366,0.0097,52.5468,73.6782,0
1.1744,73.1368,0.0182,62.5609,95.3448,0
1.4646,69.8472,0.0202,51.8805,126.6809,5
1.4073,82.6927,0.0141,62.8515,66.3927,2
1.1056,68.0348,0.0170,52.0538,66.4578,1
1.1635,62.4028,0.0134,48.3230,92.2948,1
1.3815,66.6165,0.0124,68.9291,83.7622,0
1.8723,69.4447,0.0046,50.2228,94.7706,0
1.3641,60.3769,0.0166,54.8058,114.8903,5
0.8820,70.5276,0.0176,55.4565,62.9083,1
1.4399,66.4262,0.0150,53.8493,72.8631,0
0.5000,58.1700,0.0271,56.0223,59.4296,1
1.0114,65.3563,0.0161,54.8401,72.1934,0
0.9468,67.9929,0.0247,64.0816,90.2368,1
1.4412,64.0998,0.0204,55.1834,54.1649,0
1.0266,66.5129,0.0115,56.7789,92.4790,0
1.4864,61.8942,0.0212,60.1088,57.5246,0
1.7075,56.4079,0.0260,81.5055,66.0248,4
0.7696,62.2909,0.0102,58.4241,66.1767,1
1.6962,64.2220,0.0201,57.5872,82.9267,0
1.4544,88.2833,0.0203,52.5235,87.1294,2
1.0658,65.6848,0.0117,55.1613,56.1867,0
1.0712,56.5593,0.0131,49.9602,96.0439,0
1.4963,58.7781,0.0138,49.8639,121.3229,5
1.2458,68.4924,0.0113,58.4828,63.9278,0
1.1471,64.2785,0.0714,52.4154,96.8074,3
1.1226,67.9577,0.0211,57.1518,73.6639,0
0.8025,67.6215,0.0082,54.0579,89.7344,1
1.2577,61.7910,0.0108,52.2299,79.9928,1
1.9118,83.2604,0.0082,55.6862,83.6286,2
1.4336,57.5588,0.0042,56.5253,65.7694,0
1.9537,80.7121,0.0175,50.9488,80.0864,2
1.6846,67.3871,0.0542,55.8741,84.9173,3
1.3412,77.6161,0.0126,52.7578,95.6587,2
0.8696,63.6510,0.0082,58.8404,69.9188,1
1.0638,62.3773,0.0505,53.9091,60.7806,3
1.9935,59.8984,0.0868,52.1433,62.1045,3
1.6589,68.1104,0.0564,55.9262,81.3225,3
1.4823,62.7209,0.0187,56.9067,64.1653,0
1.7655,71.9723,0.0165,58.7533,95.3474,5
1.9317,61.0058,0.0152,56.5055,94.2353,0
1.6023,60.6009,0.0186,53.0957,83.3914,0
1.8930,66.1418,0.0849,60.8759,91.2213,3
1.1000,91.6835,0.0136,57.8007,70.7351,2
1.3374,65.2807,0.0043,53.6116,118.2423,5
1.0624,66.9432,0.0202,89.8139,98.1218,4
1.4402,67.2183,0.0120,54.5647,97.1556,0
1.8141,65.0232,0.0158,50.2184,77.7382,0
1.0971,60.1372,0.0084,50.2235,85.2805,0
1.5424,52.5126,0.0205,56.8039,86.2134,5
1.0155,67.4854,0.0260,51.3152,77.3864,0
1.1177,65.9858,0.0117,47.4528,78.1552,0
1.5324,61.0011,0.0092,58.6474,80.9526,5
1.9833,70.9216,0.0112,55.6624,92.8885,0
1.4192,63.2856,0.0164,53.1703,95.8005,0
1.0818,67.9238,0.0163,80.4642,58.8597,4
1.8894,56.9694,0.0112,88.1152,77.5758,4
0.6257,65.9377,0.0137,53.6896,57.4273,1
0.7137,73.7569,0.0184,52.8683,52.2669,1
1.9857,56.8597,0.0227,55.0886,130.2493,5
1.3414,63.2427,0.0218,59.8887,100.1860,5
1.0681,69.1644,0.0169,53.9261,66.2223,0
1.0934,58.5547,0.0075,56.0175,106.3693,5
1.9672,58.4746,0.0084,54.5929,99.8542,0
0.9835,61.4554,0.0180,54.3304,69.5904,1
1.5094,70.1749,0.0111,50.0510,95.5850,0
1.4613,58.4280,0.0113,46.0370,76.3009,0
0.5000,58.2981,0.0145,50.5824,63.8744,1
1.0373,66.1139,0.0139,53.8952,90.5004,0
1.3397,72.3576,0.0175,88.5216,83.3970,4
1.5602,67.6083,0.0128,56.9949,83.5233,0
1.5660,61.0956,0.0178,64.0114,97.3130,0
1.4550,64.2513,0.0169,45.7962,70.8701,0
1.6000,66.7383,0.0209,46.1423,78.3253,0
1.7805,73.9588,0.0109,53.0912,92.8010,0
1.7234,68.2726,0.0102,53.2762,78.8576,0
1.2470,66.3676,0.0237,60.9329,95.6728,0
1.8701,58.6160,0.0129,60.1222,84.8555,0
0.5536,63.2495,0.0073,53.1346,52.7770,1
1.7817,70.7836,0.0622,57.2121,76.4165,3
1.3758,67.2581,0.0189,48.9492,96.5834,0
1.6378,74.6584,0.0088,51.5463,88.6695,2
1.9764,64.0382,0.0203,49.2026,85.4012,0
1.7096,65.3241,0.0219,87.8682,89.2603,4
1.8880,67.1896,0.0051,62.0453,99.2864,0
1.4104,68.5843,0.0048,51.3521,89.6407,0
1.3463,76.7084,0.0154,60.3322,56.5602,2
1.2058,61.1335,0.0121,50.6691,79.3231,0
1.1016,66.5740,0.0125,50.8376,88.6020,0
1.2706,72.4545,0.0154,60.7482,58.8800,0
1.7991,64.0397,0.0131,98.1323,83.9703,4
1.3069,71.2019,0.0202,45.5916,83.5598,0
1.6551,58.2796,0.0189,74.0469,56.1647,4
1.3906,65.7348,0.0099,50.4349,66.9173,0
1.7780,65.6075,0.0136,50.1148,58.4637,0
1.5951,68.3258,0.0171,50.5502,69.4943,0
1.5902,62.4284,0.0128,93.1259,78.9838,4
1.6791,62.8676,0.0070,50.1566,60.3216,0
1.9176,68.4069,0.0733,55.2312,51.3418,3
1.7934,85.8828,0.0081,62.9917,90.7835,2
1.7200,96.1293,0.0072,61.0725,80.6729,2
1.2258,81.2903,0.0163,61.3299,92.8283,2
1.0719,59.9231,0.0135,54.2170,52.1909,0
1.9732,66.9216,0.0148,56.3561,83.1075,0
1.9844,65.0870,0.0102,48.9252,87.0982,0
1.5495,68.5817,0.0136,63.8151,76.1288,0
1.4814,63.9273,0.0143,48.6758,98.3456,0
1.7291,70.4695,0.0480,56.5759,53.9099,3
1.6127,75.4938,0.0115,54.4156,86.9854,0
1.0077,65.4998,0.0170,51.8250,61.9650,0
1.8796,69.8954,0.0197,54.6560,99.8238,5
1.6150,63.1784,0.0208,57.8447,91.9556,0
1.5020,84.6199,0.0093,57.1672,99.9261,2
1.1357,58.3434,0.0685,49.8233,50.6830,3
1.4198,62.3884,0.0108,61.2386,73.7773,0
1.4932,66.5813,0.0232,65.4090,80.2555,0
1.8604,66.7729,0.0137,54.9948,70.7625,0
1.7598,65.9197,0.0125,57.1937,90.7440,0
0.6046,61.8412,0.0178,57.9268,94.0970,1
1.3152,83.1098,0.0098,51.8708,75.2342,2
1.8696,71.4276,0.0162,52.6081,76.8173,5
1.4797,64.8382,0.0758,54.1299,55.3501,3
1.5311,60.8161,0.0111,56.9853,55.8857,0
1.0204,77.7281,0.0188,55.2434,57.8369,0
1.1729,72.4049,0.0142,53.6087,91.9278,0
1.4437,62.5188,0.0096,61.1588,91.0967,0
1.1787,67.4249,0.0208,57.7525,85.3517,1
1.7080,58.1095,0.0014,55.8995,66.0441,0
1.2778,73.0919,0.0078,55.8952,51.1095,0
1.0111,60.5744,0.0750,56.8497,54.9147,3
1.8400,68.1386,0.0144,53.4666,78.8374,0
1.2984,62.3555,0.0510,49.1771,81.6153,3
1.5466,58.0465,0.0148,75.2240,54.8577,4
1.2338,70.9245,0.0655,59.7224,84.9582,3
1.1184,93.9384,0.0253,58.0544,71.6520,2
1.0031,89.6557,0.0049,54.0125,94.1830,2
1.7381,69.5871,0.0205,51.4484,88.2668,0
1.9019,64.1216,0.0236,58.8981,64.4790,0
1.3704,63.8220,0.0123,55.6415,77.5366,0
1.1646,69.3595,0.0112,54.4773,128.7184,5
1.7980,61.7464,0.0137,54.3834,73.2359,0
1.7654,61.8773,0.0641,60.7204,95.3290,3
1.3400,53.3256,0.0137,79.7996,58.7196,4
1.2609,70.0473,0.0171,59.5133,87.8595,0
1.8358,64.9110,0.0237,60.1582,86.2949,5
1.4926,58.6668,0.0145,61.9983,55.9249,0
1.1935,60.1563,0.0137,57.1663,110.5554,5
1.0754,59.5251,0.0175,56.2534,71.1669,0
1.6819,92.1806,0.0110,51.9391,68.8820,2
1.3985,57.5015,0.0129,93.7998,83.8666,4
1.1186,67.2786,0.0102,87.2254,80.6085,4
1.7271,60.1578,0.0106,54.5102,87.7029,0
1.5470,66.7363,0.0141,50.1659,84.9624,5
1.8035,68.9678,0.0169,55.4699,90.7022,0
1.5475,62.9016,0.0092,79.9858,91.2783,4
1.7017,60.3693,0.0214,59.0919,79.7671,0
1.7807,59.7425,0.0179,53.0556,98.4137,0
1.5975,65.4510,0.0135,52.7683,87.6780,0
1.0695,62.0190,0.0116,45.9751,57.5219,0
1.0354,66.7743,0.0183,51.0346,62.2175,0
1.3736,66.5890,0.0472,52.7278,86.0217,3
1.6716,92.5698,0.0186,60.9897,74.0474,2
1.1372,76.1440,0.0628,61.5990,57.0350,3
0.7265,69.3885,0.0124,53.4629,65.3318,1
1.5092,91.3468,0.0149,62.5653,86.6144,2
1.7859,57.9442,0.0797,47.8930,53.9293,3
1.8999,74.2515,0.0207,91.4638,77.2257,4
1.8668,61.3397,0.0116,50.1722,82.1081,0
1.3735,65.4951,0.0270,52.0096,86.4319,5
1.9365,68.8670,0.0115,52.7578,54.2372,0
0.6236,70.9250,0.0081,57.0923,84.6342,1
1.0025,67.5387,0.0208,49.8129,63.3016,0
1.4156,67.2780,0.0099,50.5700,52.3789,0
1.3542,64.3254,0.0149,59.7473,99.0397,0
1.9464,66.5495,0.0118,53.3041,89.7662,0
1.7078,63.2842,0.0098,57.2653,66.7608,0
1.9736,55.9535,0.0146,57.9753,56.6664,0
1.9353,60.7813,0.0208,61.9259,59.3152,0
1.0435,65.0049,0.0116,82.0150,76.1872,4
1.2398,84.6509,0.0072,51.8134,85.4748,2
1.4309,62.2522,0.0642,56.9880,64.5173,3
1.8773,57.0863,0.0182,46.4215,56.0576,0
1.7772,66.2322,0.0640,59.4228,58.6812,3
1.1594,59.8084,0.0231,94.8494,73.4706,4
1.0791,66.6209,0.0223,52.1298,94.2463,0
1.3272,58.5338,0.0191,50.3103,50.3147,0
1.5695,88.2770,0.0167,50.4778,80.1694,2
1.6886,63.5501,0.0099,55.3999,79.3221,0
1.3960,70.8846,0.0252,46.4740,86.0820,0
1.9493,65.4234,0.0188,59.7501,99.7194,0
0.5000,67.2430,0.0251,57.8848,61.3144,1
1.2812,61.3470,0.0172,61.2213,87.2047,0
0.5000,63.0744,0.0090,57.6005,69.2523,1
1.6392,65.9058,0.0829,52.7976,83.9364,3
1.2309,72.3982,0.0124,55.3412,63.3940,0
1.2886,62.5763,0.0196,52.0585,94.6786,0
1.2306,71.4730,0.0172,50.2631,98.4860,1
1.6080,64.4939,0.0202,81.6667,81.9928,4
1.0438,63.2740,0.0124,47.5135,68.6451,1
1.7977,69.5749,0.0709,44.6019,53.3679,3
1.4378,72.6203,0.0150,91.5505,91.9443,4
1.1497,61.0653,0.0564,54.7194,56.6667,3
0.6307,61.1360,0.0144,49.3567,94.7681,1
1.5719,58.3462,0.0614,50.2771,54.9548,3
1.6298,61.0748,0.0097,83.3882,50.4903,4
1.7099,76.7671,0.0148,56.7259,75.6970,2
1.1886,62.6877,0.0177,62.8274,62.2048,0
1.0438,59.2709,0.0204,60.3014,72.5969,0
1.2001,59.2198,0.0150,55.3147,53.0062,0
1.8117,59.5898,0.0152,91.7197,80.9774,4
1.3252,59.1064,0.0141,57.6405,88.9812,1
1.3457,68.1781,0.0142,51.0019,103.8551,5
1.9152,85.6904,0.0164,54.7243,54.2860,2
1.7556,70.9996,0.0207,53.9889,79.9755,0
0.5000,66.2392,0.0158,56.9460,59.1120,1
1.5862,66.4659,0.0128,52.6943,93.5189,0
1.7407,72.8493,0.0657,58.0086,77.9052,3
1.7952,95.9114,0.0177,58.9749,58.0513,2
1.2212,56.3119,0.0176,85.4891,66.0316,4
1.3801,94.0719,0.0227,59.3497,72.1622,2
1.4048,69.7802,0.0097,50.3793,63.0278,0
1.2957,79.1489,0.0188,61.9750,92.6745,2
1.5005,64.6005,0.0158,51.2169,132.4305,5
1.0814,63.0459,0.0175,45.4594,70.4333,0
1.0086,66.8884,0.0133,93.6558,69.8176,4
1.6315,66.0563,0.0178,54.6210,68.6030,0
1.1598,59.6333,0.0168,86.0870,59.2517,4
0.8861,62.4723,0.0086,49.9065,51.2684,1
1.3708,65.5922,0.0190,62.6019,98.5939,5
1.5540,59.1119,0.0138,63.0987,74.5688,0
1.8218,71.9566,0.0120,48.7096,53.3563,0
0.8792,51.6320,0.0050,60.6219,90.4756,1
1.0826,65.3375,0.0094,53.1053,88.4722,0
1.6039,61.0547,0.0148,52.8533,64.6137,0
1.4985,61.5679,0.0122,49.0915,125.2391,5
1.0069,59.9865,0.0200,61.2181,94.1783,0
1.0096,63.3158,0.0134,60.4410,83.2321,0
1.3008,66.8502,0.0176,53.8701,80.1479,0
0.9959,69.1809,0.0111,56.8231,86.5655,1
1.0251,64.8896,0.0126,50.1348,77.4363,0
1.3119,66.7871,0.0147,56.4330,91.4172,0
1.0700,65.6547,0.0073,57.9666,59.1714,0
1.7177,87.5740,0.0121,55.5492,57.3230,2
1.5800,64.3842,0.0108,52.4834,123.6280,5
1.9906,59.0255,0.0263,85.3775,78.0557,4
1.2779,63.7915,0.0053,62.7633,79.1979,0
1.4081,70.9140,0.0186,54.3084,109.8473,5
1.8956,70.5145,0.0160,92.1566,66.0264,4
1.0197,61.8414,0.0138,49.0150,72.3307,0
1.4024,71.3032,0.0122,57.1729,52.1593,0
1.0893,62.1636,0.0112,64.3314,67.9476,0
1.4892,92.2906,0.0168,52.6131,79.4266,2
1.4914,69.8874,0.0107,55.6938,63.1282,0
1.8393,78.1825,0.0131,57.3883,81.2211,2
1.2848,65.1324,0.0189,52.2428,84.6972,0
1.9398,65.5991,0.0613,68.3880,96.4250,3
1.2698,59.1974,0.0130,50.5513,66.1164,0
1.3467,66.2835,0.0220,54.6353,113.1521,5
1.8470,71.5907,0.0082,55.4864,76.7194,5
1.2782,65.9547,0.0121,58.7283,78.5443,0
1.4006,95.7511,0.0100,59.1149,76.0203,2
1.0752,58.0450,0.0104,49.5501,61.5845,0
1.9592,82.6219,0.0185,60.7501,80.4575,2
1.7953,68.4071,0.0638,66.3239,64.6002,3
1.4093,75.1150,0.0125,53.7946,92.2761,0
1.9924,64.3239,0.0136,59.5923,87.8018,0
1.7365,64.2272,0.0107,51.3548,83.0548,0
1.2844,65.6327,0.0129,57.9331,121.8847,5
1.8100,69.5068,0.0104,54.8814,79.8434,0
1.9341,69.0079,0.0211,53.5810,99.1283,5
1.0935,60.0309,0.0152,82.4483,54.3573,4
1.8281,66.2503,0.0074,58.3118,56.1425,0
1.7618,70.0647,0.0433,64.0714,91.8574,3
1.3211,70.5886,0.0135,60.9170,98.5593,0
1.3985,79.4618,0.0180,57.9099,57.4442,0
1.8023,74.8503,0.0173,54.2677,61.7309,2
1.2950,66.3223,0.0112,60.5639,64.8151,1
1.1457,53.6552,0.0109,59.8737,78.1741,0
1.1416,57.6123,0.0132,55.9408,73.1319,0
1.1604,57.7943,0.0208,58.3744,89.8718,0
1.8846,66.2968,0.0117,55.0470,98.8940,0
0.7225,69.6975,0.0204,51.6875,84.2670,1
1.6736,62.1923,0.0491,54.2111,72.3130,3
1.5519,71.1134,0.0545,51.7088,92.9887,3
1.7392,67.1471,0.0242,62.1710,93.9667,0
1.0589,73.9037,0.0260,62.2457,97.9594,0
1.9241,66.9399,0.0144,47.4098,90.5702,0
1.6332,77.1755,0.0167,54.8271,63.9964,2
1.8659,66.7860,0.0258,46.2338,54.7756,0
1.5153,59.8105,0.0125,57.4446,53.1705,0
1.9857,58.1126,0.0147,53.0393,72.2335,0
1.3768,63.5836,0.0276,58.7736,91.3589,0
1.3130,67.6432,0.0041,80.1885,76.0179,4
1.6808,57.3967,0.0211,52.0199,90.2165,5
1.8703,65.5985,0.0162,54.3980,92.2959,0
1.6461,66.6143,0.0124,52.9921,50.3930,0
1.3270,68.2926,0.0186,62.6238,97.8717,5
1.8397,62.0659,0.0141,73.0419,55.0354,4
1.8282,70.7617,0.0587,50.1928,87.4049,3
1.9128,72.1232,0.0123,56.4378,90.5411,0
1.3323,66.0063,0.0251,61.7889,62.3416,0
1.0181,67.3189,0.0071,56.4165,76.1264,0
1.0030,66.9555,0.0183,59.2109,61.5143,0
1.9880,65.5895,0.0100,60.6287,80.7988,0
1.1945,67.7790,0.0645,49.7354,74.3999,3
1.1130,62.9439,0.0227,60.1042,78.8526,0
1.5734,64.1279,0.0085,63.5866,95.6223,0
1.1129,58.9291,0.0210,54.3490,88.9661,0
1.9439,65.2011,0.0087,52.7428,91.8693,0
1.8320,64.4782,0.0105,59.7972,59.3628,0
1.5729,67.8950,0.0188,52.3930,63.7910,0
1.7051,61.9429,0.0174,58.2806,121.9065,5
1.0653,60.0393,0.0131,60.0639,92.8987,5
1.2959,62.0038,0.0131,91.4234,71.4394,4
1.4952,71.3763,0.0140,48.0319,86.9429,0
1.0291,65.2153,0.0240,60.0049,60.8993,0
1.9881,63.6082,0.0124,48.9792,61.2252,0
1.8086,72.2575,0.0204,51.3304,99.8844,5
0.8582,60.4242,0.0137,54.6383,87.0910,1
1.1843,62.3654,0.0081,46.9418,91.7357,0
1.4966,63.6067,0.0179,53.0272,50.8287,0
1.4865,63.8458,0.0264,66.4473,66.5446,0
0.5000,71.1272,0.0166,54.7445,59.4176,1
1.5612,57.1886,0.0493,55.9568,73.7744,3
0.8629,61.1678,0.0057,42.7657,56.0920,1
1.6198,67.9405,0.0133,93.4900,84.2393,4
1.8587,59.4870,0.0203,55.3737,74.5072,0
1.9428,55.9274,0.0179,50.7383,73.5024,0
1.5275,60.7042,0.0109,45.7383,52.0442,0
1.0360,63.9854,0.0115,47.2001,65.5778,0
1.6186,67.8275,0.0180,59.9707,67.9793,0
1.4558,65.7123,0.0144,61.0719,85.3447,0
1.7352,61.7604,0.0193,50.1801,56.9359,0
1.2023,64.0087,0.0044,54.9286,79.2065,0
1.7167,66.4402,0.0058,51.2533,68.9540,0
1.2067,60.9235,0.0096,91.2663,74.9409,4
1.8911,58.0394,0.0217,96.8063,67.3749,4
1.3831,61.6304,0.0154,80.2059,91.4939,4
1.7197,64.8218,0.0205,63.8857,93.6336,0
1.8404,59.0722,0.0065,83.6537,61.1035,4
0.5000,63.3513,0.0154,55.5252,99.7712,1
0.5000,60.1868,0.0111,56.5785,79.2594,1
1.9731,62.0960,0.0132,59.9811,76.6552,0
0.6417,81.9754,0.0085,52.1849,85.1247,1
0.8605,61.4876,0.0136,59.2510,57.7000,1
1.3780,73.9715,0.0143,57.2622,68.8105,0
1.4334,68.3391,0.0147,44.5870,76.8511,0
1.4145,64.2228,0.0179,53.1773,99.0866,0
1.0990,61.8594,0.0178,50.4548,122.8873,5
0.5000,54.1522,0.0098,60.4462,55.1264,1
1.2631,63.9634,0.0186,52.2239,72.5769,0
0.6357,67.1000,0.0212,47.3155,71.9988,1
1.9297,86.5423,0.0112,58.9633,84.5857,2
1.5747,63.6279,0.0136,74.3147,68.1246,4
1.9818,81.7675,0.0176,53.5198,76.8036,2
1.0577,68.7681,0.0134,49.7661,60.0370,0
1.0944,65.4657,0.0151,56.4129,56.3791,0
1.5777,57.3975,0.0006,90.0497,55.6195,4
1.4953,71.0123,0.0170,51.9430,98.5745,5
1.4636,61.0422,0.0100,55.8626,87.7860,5
1.9733,64.2894,0.0160,49.7192,73.9788,0
1.5203,64.9300,0.0136,52.5898,117.7043,5
1.7922,59.4759,0.0161,48.4869,61.8102,0
1.4555,67.2430,0.0213,60.9796,91.5044,0
1.9874,79.5517,0.0271,52.9756,88.9663,2
0.6934,65.0111,0.0204,54.5918,60.9057,1
1.8537,82.5662,0.0154,53.1074,51.2833,2
1.3176,59.6222,0.0189,57.3381,61.0620,0
1.6076,69.8317,0.0105,55.8300,68.9673,0
1.8329,72.6704,0.0691,59.2124,91.8542,3
1.1934,65.0832,0.0854,62.0146,66.0162,3
1.1194,67.4915,0.0101,55.2999,82.3834,0
1.3665,65.1352,0.0148,58.8513,84.5739,0
1.1451,72.0699,0.0108,56.3059,60.8143,2
1.8049,57.5630,0.0154,51.2131,87.1108,0
1.7362,66.3641,0.0202,49.9274,99.1310,5
1.3409,57.7114,0.0194,58.0888,118.5206,5
1.6288,59.1590,0.0194,55.3572,86.9271,0
1.2928,61.5590,0.0639,50.8705,51.9510,3
1.0128,58.8978,0.0213,51.3237,92.8345,0
1.1644,62.1244,0.0193,49.3446,60.0144,0
1.2676,71.8207,0.0199,53.5736,50.7917,1
1.3941,67.8785,0.0108,58.3070,92.6095,0
1.0154,60.0879,0.0065,60.3345,74.5401,5
1.1626,69.2745,0.0242,54.9139,93.1551,5
1.8053,64.9451,0.0073,52.8215,63.7433,0
1.2934,70.9397,0.0173,57.1113,51.5311,0
1.5373,72.5854,0.0121,54.4209,65.7351,0
1.7802,70.7548,0.0152,50.3879,90.6201,0
1.2001,70.0339,0.0149,51.7204,87.9592,1
1.2791,61.8293,0.0113,53.7546,65.2927,1
0.5425,72.5967,0.0097,50.6846,66.4201,1
1.8903,91.1960,0.0241,54.2458,70.8757,2
1.5886,54.7683,0.0141,57.7114,67.4129,0
1.7877,62.5545,0.0151,56.5550,78.7956,0
1.0745,65.2239,0.0098,48.1523,99.3082,0
1.9321,67.5211,0.0241,61.3133,90.8020,0
1.2801,64.8005,0.0132,95.7154,53.9738,4
1.1490,69.3943,0.0094,55.8966,78.8252,1
1.6511,71.8063,0.0210,53.4421,83.7645,0
0.7462,66.9184,0.0181,52.8837,69.4691,1
0.5594,61.4847,0.0161,50.9044,84.0146,1
1.2839,62.3840,0.0156,56.5926,99.1038,0
1.0967,56.2482,0.0061,51.7058,73.0649,0
1.3655,58.8190,0.0775,53.7808,94.2484,3
1.2321,57.5707,0.0287,51.7776,98.6050,0
1.5803,67.7042,0.0104,58.1722,85.7500,0
1.1444,59.0167,0.0087,45.9537,78.7545,1
1.3385,68.6906,0.0131,55.0642,61.1816,0
1.1803,70.8784,0.0095,54.5089,60.3624,0
1.7007,67.3480,0.0131,55.7023,57.1374,0
1.3072,67.8967,0.0198,53.5353,79.5669,0
1.4846,80.6582,0.0422,45.3348,97.0652,3
1.9078,62.8684,0.0133,72.5262,90.0043,4
1.3673,77.4549,0.0174,60.6587,53.0304,2
0.8266,63.0014,0.0124,50.5794,89.2842,1
1.8920,62.1211,0.0203,61.2586,94.5398,0
1.8675,68.2265,0.0154,54.6284,67.6566,0
1.8531,72.8509,0.0104,63.8152,98.6636,0
0.5000,70.3716,0.0137,57.7845,99.5410,1
0.5000,64.6024,0.0230,57.7860,86.0742,1
1.2703,69.7759,0.0186,95.3152,96.6277,4
1.5798,58.0231,0.0195,59.9284,81.4980,0
1.8231,61.2570,0.0101,53.8794,65.9250,0
1.5793,65.2363,0.0140,52.8410,83.9023,0
1.7570,63.8741,0.0075,43.6485,91.5598,5
1.2223,70.4885,0.0120,54.9768,78.7570,0
1.0209,68.3032,0.0092,60.3138,64.0414,0
1.5392,68.8737,0.0135,59.6578,93.4197,5
1.3323,69.6247,0.0157,74.3609,85.2048,4
1.1980,81.6968,0.0041,50.2633,57.2270,2
1.3427,62.9436,0.0687,55.6877,53.2173,3
1.6166,72.5774,0.0217,53.4743,77.4899,0
1.4545,56.2502,0.0091,92.0492,78.1623,4
1.3537,94.9565,0.0115,53.5545,85.2166,2
1.5080,58.4218,0.0129,52.6562,56.2940,0
1.7181,67.2364,0.0165,64.6713,82.6059,0
1.9283,61.1695,0.0206,48.3183,94.8719,0
1.0938,68.1714,0.0139,56.6001,69.1904,0
1.4219,64.7657,0.0078,54.0396,65.1833,0
1.6602,67.2982,0.0216,61.2927,96.0643,0
1.2941,65.2427,0.0134,46.3933,69.9653,0
1.0884,65.3441,0.0166,54.8045,74.2876,0
1.5384,61.8142,0.0072,47.1838,82.0518,0
1.4460,70.5173,0.0127,57.2857,77.3734,0
1.2767,67.6396,0.0188,49.6830,84.8414,1
1.7438,60.5315,0.0141,53.0240,103.1977,5
1.3469,68.1513,0.0197,45.2639,59.6682,0
1.3902,67.3726,0.0089,94.2336,82.1951,4
1.7444,65.1365,0.0192,62.5801,65.8884,0
0.8819,71.2336,0.0147,63.1716,95.6304,1
0.5000,63.8716,0.0245,54.7123,80.4236,1
1.5493,64.1977,0.0599,55.3312,82.7592,3
1.5751,69.3975,0.0166,62.8164,52.1154,0
1.4632,63.1644,0.0125,85.5517,84.8118,4
1.5534,67.3959,0.0088,52.8182,59.6238,0
1.4747,93.5364,0.0150,57.8882,52.5036,2
1.6964,69.1713,0.0195,45.3074,78.3047,0
1.9729,66.6751,0.0121,55.9651,97.3150,5
1.7087,64.4499,0.0185,51.0211,54.3185,0
1.8526,61.9055,0.0153,93.7392,93.8712,4
1.3771,76.6550,0.0081,45.6957,57.6688,2
1.4584,68.2512,0.0269,78.9471,73.7197,4
1.3386,69.7885,0.0156,63.2001,55.8261,0
1.0620,67.5923,0.0152,48.5559,83.4167,0
1.0815,66.1156,0.0076,50.1522,77.1386,0
1.7761,68.5831,0.0087,62.0763,116.5951,5
1.0851,60.7981,0.0564,47.7756,57.4952,3
1.5803,64.7994,0.0232,44.6818,67.4806,0
1.5425,69.3255,0.0201,49.2806,50.2044,0
1.0703,68.5319,0.0206,51.5301,99.5114,0
1.3828,68.5107,0.0539,51.2697,55.5314,3
1.7818,65.2810,0.0650,50.2773,76.0240,3
1.9350,77.5942,0.0232,44.8040,98.7114,0
0.5000,61.9335,0.0176,53.1821,60.0111,1
1.9673,85.3997,0.0118,58.2820,68.1599,2
1.3603,68.3129,0.0163,56.3062,58.1113,0
1.6980,50.9281,0.0191,55.1078,74.2990,0
1.4280,55.4057,0.0194,53.5145,53.6532,0
1.5788,60.5707,0.0133,108.9619,74.9584,4
1.4237,63.0479,0.0234,57.9975,135.0254,5
1.9966,57.2585,0.0186,49.9287,77.9198,0
1.3281,55.4899,0.0670,54.3779,93.1918,3
1.9186,66.3713,0.0125,57.7899,69.5867,0
1.2401,56.8135,0.0103,64.6170,70.0489,0
1.0045,62.4185,0.0175,51.5541,53.9666,0
1.7616,72.9731,0.0600,56.6590,75.6147,3
1.5980,65.6436,0.0503,52.4689,61.5068,3
0.6987,66.4644,0.0135,55.3160,77.8234,1
1.3430,68.9200,0.0182,60.3985,91.5110,0
1.7217,65.5593,0.0204,48.0441,91.7130,0
1.0748,62.4725,0.0218,52.0295,77.7382,0
1.7490,69.8220,0.0163,75.2492,83.3411,4
1.6449,88.5208,0.0197,53.7565,90.1359,2
1.4023,92.3771,0.0134,61.2730,76.3611,2
1.4740,59.5272,0.0146,52.9787,113.2106,5
1.0035,70.1158,0.0173,52.1458,113.6185,5
1.0330,69.8518,0.0164,52.4439,85.2482,0
1.4208,87.8219,0.0195,62.9849,90.4808,2
1.4254,60.8042,0.0271,39.6396,80.6581,0
1.0321,54.5711,0.0154,49.9491,107.2416,5
1.2092,94.9917,0.0166,57.6901,87.5520,2
1.7132,60.5948,0.0199,48.9780,117.7799,5
1.7750,61.4384,0.0252,66.1289,96.1843,0
1.8288,74.4375,0.0076,59.4696,132.9859,5
1.0817,61.6832,0.0147,57.3966,75.8976,0
1.1486,72.0773,0.0106,58.9758,88.6006,5
1.1029,72.3255,0.0174,56.6482,88.6716,0
1.4745,65.2913,0.0094,60.0586,68.5254,0
1.4473,66.5115,0.0751,50.5429,52.3981,3
0.6831,67.4569,0.0107,51.4033,70.1270,1
1.8660,63.9793,0.0095,48.1889,87.4392,5
1.3572,64.2180,0.0285,65.8396,79.2287,0
1.5473,62.7046,0.0221,54.8131,80.6546,0
1.0713,61.6868,0.0089,62.1118,68.9675,1
1.0946,56.6931,0.0116,78.9839,55.7690,4
0.6541,64.7318,0.0213,52.3877,77.2189,1
1.1555,64.2700,0.0529,71.6589,70.5277,3
1.4319,59.3755,0.0135,93.7809,94.9908,4
1.9273,67.7028,0.0072,56.8999,81.8801,0
1.8042,80.2210,0.0149,60.2433,82.3923,2
1.6024,55.9831,0.0207,88.5534,77.4812,4
0.6187,56.4234,0.0146,47.4445,81.2173,1
1.5531,64.3244,0.0178,49.0598,79.4341,0
1.4500,87.9666,0.0212,56.5382,99.5735,2
1.3927,70.7804,0.0100,59.4222,64.1467,2
1.7730,69.0501,0.0597,47.8414,61.5059,3
1.5280,65.7423,0.0454,58.5781,54.3233,3
1.7029,67.1299,0.0144,67.2467,95.2698,4
1.5708,63.2368,0.0186,60.6513,57.3921,0
1.6831,65.9781,0.0119,53.8053,98.4434,0
1.6308,69.3794,0.0194,55.5710,127.7383,5
1.8528,70.1648,0.0727,52.9412,78.7750,3
1.6957,70.8711,0.0109,91.0541,89.0740,4
0.8873,65.2671,0.0148,63.7424,55.1065,1
1.5315,67.5946,0.0034,63.4872,50.3848,0
1.2813,90.0337,0.0129,46.7817,51.4005,2
1.0131,67.6433,0.0110,49.6126,95.2711,0
1.3370,63.1909,0.0171,58.7983,75.8527,5
1.1636,68.2115,0.0182,49.2690,119.3882,5
1.6679,62.6439,0.0143,95.6704,53.6029,4
1.1675,68.1889,0.0226,66.8164,69.6852,0
1.2214,70.1578,0.0138,65.7162,65.5781,4
1.7064,64.7067,0.0454,48.6642,93.7942,3
1.9594,59.8170,0.0079,52.2168,60.4435,0
1.8785,51.9514,0.0205,60.5286,59.8926,0
0.5000,69.9304,0.0157,58.5260,84.1060,1
1.4316,55.1802,0.0133,46.6681,84.5800,0
1.3823,66.0924,0.0542,50.1495,81.7782,3
1.3330,68.7527,0.0129,57.1567,56.2402,0
1.4134,63.3112,0.0167,52.6769,61.9602,0
1.9892,60.9289,0.0163,87.0626,54.0863,4
1.5119,64.5880,0.0125,54.0786,93.5439,5
1.4665,69.8923,0.0802,64.6533,82.7988,3
1.5541,69.9504,0.0773,61.3426,50.1849,3
1.7095,57.5659,0.0158,59.6311,59.7717,0
1.6034,65.8612,0.0056,56.6574,73.6847,0
1.4978,83.5304,0.0175,56.1888,58.1716,2
1.6729,60.8873,0.0802,56.1107,82.0644,3
1.5699,65.1612,0.0216,62.4165,66.1836,0
1.7949,77.9350,0.0166,61.5834,96.2916,2
1.1152,64.5952,0.0174,82.0489,96.5358,4
1.0481,63.7781,0.0154,51.6368,80.0962,0
1.3907,61.5436,0.0805,59.3511,69.9420,3
1.7824,69.3196,0.0074,47.9120,93.3822,0
1.2590,56.4550,0.0767,56.4299,96.1235,3
1.7684,67.3027,0.0154,50.7801,79.1207,0
1.1307,62.5484,0.0155,49.9208,88.9548,0
1.4680,60.3246,0.0191,50.1147,97.0060,5
1.9868,63.8311,0.0062,54.3296,61.2016,0
1.7014,62.9704,0.0198,61.1532,85.0353,0
1.0471,75.3289,0.0226,55.5576,95.4789,0
1.7879,68.9618,0.0204,51.1852,96.7212,0
1.1112,68.2916,0.0117,53.2007,66.7616,1
1.4657,65.3679,0.0206,77.1047,63.3572,4
1.8977,65.2850,0.0099,68.1465,93.5668,0
1.8175,67.4341,0.0182,51.5514,83.5395,0
1.2155,64.5591,0.0192,57.4845,87.7766,0
1.5077,87.9061,0.0228,64.1030,76.3738,2
1.0396,73.5335,0.0139,54.4064,106.4228,5
1.7541,63.9833,0.0180,47.3218,77.8708,0
0.7018,50.3694,0.0131,60.0730,78.6565,1
1.6444,60.4101,0.0244,57.0711,94.8092,5
1.8819,89.2434,0.0142,58.9902,54.8135,2
1.1452,68.4084,0.0113,56.4362,59.3495,2
1.5071,72.9254,0.0093,87.3517,69.9888,4
1.2642,69.6304,0.0120,83.5879,66.4918,4
1.3482,62.6562,0.0769,64.5413,72.5678,3
1.8992,59.8041,0.0130,76.5596,57.3283,4
1.1252,55.7544,0.0110,87.2056,54.1761,4
1.8022,63.2339,0.0251,61.0852,67.7347,0
1.7293,57.8078,0.0144,51.0502,55.2772,0
1.9284,74.8323,0.0176,47.2910,89.4380,2
1.8565,97.0311,0.0102,56.2464,64.1388,2
1.3705,63.5849,0.0678,60.1196,89.7770,3
0.9790,72.7460,0.0152,39.2506,87.5881,1
1.2465,61.1726,0.0094,45.0463,135.5065,5
1.0980,64.4931,0.0091,53.5850,56.5338,0
1.7404,64.8977,0.0198,57.6075,76.2835,0
1.7569,48.9811,0.0142,74.4943,89.9044,4
1.1501,68.7739,0.0126,53.6912,65.0763,0
0.5000,64.3980,0.0094,57.9460,85.0904,1
1.3284,66.2121,0.0168,91.2045,79.4367,4
0.9128,69.5663,0.0153,60.1514,94.0209,1
1.7710,69.0950,0.0154,82.5996,62.3906,4
1.4258,69.3554,0.0228,59.1283,81.4390,0
1.7601,59.4851,0.0145,49.1639,57.3131,0
1.6492,61.5109,0.0162,81.5094,50.6218,4
1.0241,65.1467,0.0228,85.2764,67.9008,4
1.1942,66.3010,0.0152,55.3043,77.5856,0
1.8095,61.8179,0.0095,50.5543,58.7277,0
1.1400,60.2704,0.0064,47.2951,113.6848,5
1.4523,62.0408,0.0167,83.7978,92.8547,4
1.0058,66.6076,0.0097,52.3139,67.9218,0
1.8498,67.3981,0.0196,93.6591,80.6538,4
1.6106,61.8310,0.0165,56.8198,54.3870,0
1.5576,63.5503,0.0829,59.5065,84.7850,3
1.0500,60.5769,0.0185,47.2391,75.1851,0
1.1429,60.4829,0.0156,56.6707,55.9539,1
1.1152,76.1540,0.0123,54.6455,86.9592,0
1.5882,60.5043,0.0080,47.8274,83.2838,0
1.7118,61.0582,0.0209,52.9548,57.0445,0
1.1707,87.0417,0.0212,62.2204,82.3417,2
1.0139,64.2590,0.0138,90.2981,96.2500,4
1.4740,67.9027,0.0129,54.6129,99.0237,5
0.5000,61.9401,0.0040,48.1417,62.6720,1
1.8274,69.8425,0.0245,53.1440,70.1219,0
1.2263,89.5672,0.0135,55.0755,74.7512,2
1.2978,65.2327,0.0713,47.6540,98.4099,3
1.0236,67.3429,0.0160,51.3224,76.6038,0
1.2779,64.5827,0.0200,58.9245,91.7792,0
1.9655,56.3273,0.0562,62.1325,74.1042,3
1.9633,67.5833,0.0138,64.4984,79.0295,0
0.5775,60.0821,0.0249,55.1824,74.6591,1
1.1940,70.9355,0.0190,50.3463,96.2551,5
0.7171,64.3324,0.0083,56.4448,79.2660,1
1.2326,65.4118,0.0114,55.7375,61.0050,0
1.4893,56.4570,0.0109,58.5703,65.2963,0
1.5096,78.3435,0.0137,64.7713,92.0528,2
1.5369,61.7242,0.0111,57.5384,52.7735,0
1.2378,62.5800,0.0085,76.7670,63.4833,4
1.8513,55.5590,0.0052,60.1613,118.4679,5
1.0315,65.7613,0.0849,60.8358,70.9639,3
1.9377,63.6602,0.0123,42.3860,56.8986,0
0.5096,66.3202,0.0183,59.8470,58.5996,1
1.8683,62.7718,0.0458,47.7370,81.8447,3
1.6389,64.4896,0.0242,51.1962,51.7770,0
1.8587,66.9473,0.0039,56.8731,50.6844,0
1.9650,60.3447,0.0127,58.5907,93.5122,0
1.4998,55.0579,0.0111,59.6605,94.6769,0
1.2400,58.9021,0.0746,53.4918,56.1177,3
1.2057,63.7089,0.0141,60.0899,89.4771,1
0.6139,69.3221,0.0103,44.8194,93.2221,1
1.5806,62.8706,0.0167,57.1497,92.5111,0
0.9962,60.3229,0.0144,60.7267,63.6285,1
1.9842,61.7315,0.0127,49.5638,78.7354,0
0.5605,75.8749,0.0206,56.9717,85.7689,1
1.0637,67.9509,0.0134,55.4741,84.1812,0
0.9707,61.6687,0.0169,53.9632,86.2187,1
1.9791,68.7274,0.0171,44.3560,89.7007,0
1.0405,77.2075,0.0192,49.8427,63.1648,0
1.3249,66.2533,0.0198,62.6666,119.5148,5
1.3022,61.3122,0.0098,61.8847,50.9788,0
1.4382,58.8009,0.0149,57.2332,80.5082,0
1.8324,64.2748,0.0168,50.5234,78.5956,0
1.7017,64.7922,0.0125,55.7917,51.6731,0
1.5111,67.5803,0.0155,51.8066,68.7103,0
1.0307,70.4538,0.0210,87.1169,77.1634,4
1.5721,68.0571,0.0125,50.5393,93.8815,0
1.0185,63.0455,0.0700,51.4775,67.8507,3
1.3384,63.0604,0.0124,93.9657,50.2107,4
1.0291,68.2679,0.0160,63.7230,102.3628,5
1.9171,67.5614,0.0188,56.6893,62.5136,0
1.7340,71.0109,0.0127,55.7592,95.6738,0
1.2000,98.8196,0.0076,51.7671,56.2228,2
1.3336,62.8187,0.0173,63.8430,58.3819,0
1.9008,60.5928,0.0128,91.9996,89.5795,4
1.1384,63.8237,0.0245,54.6595,72.4205,1
1.1305,65.1147,0.0129,58.0021,76.4232,0
1.2897,63.7788,0.0231,58.6570,81.2632,0
1.5722,61.1597,0.0673,45.6807,63.1812,3
1.1671,62.8515,0.0205,63.0497,68.0293,0
1.8456,62.6589,0.0712,62.8486,97.1999,3
0.9617,61.1816,0.0168,63.3999,58.9105,1
1.8867,77.7142,0.0128,58.3107,92.5511,0
1.4802,61.0996,0.0194,46.5875,90.5466,0
1.5118,68.9722,0.0163,78.4948,73.0250,4
1.9973,67.8160,0.0095,57.5811,97.3148,5
1.9773,68.9728,0.0149,82.4901,78.9919,4
1.3724,105.2436,0.0102,51.1105,55.4912,2
1.6863,60.5473,0.0239,53.3789,74.2425,0
1.3850,73.2706,0.0193,54.0903,127.2167,5
1.3540,63.1830,0.0101,46.3244,93.0666,0
1.1865,60.4925,0.0089,59.0487,93.2066,1
1.6934,62.3265,0.0166,56.5710,91.3801,0
1.9547,67.1206,0.0072,59.4138,78.7169,5
0.7324,60.2474,0.0165,53.4911,50.5979,1
1.7671,60.4476,0.0159,52.5422,65.6564,0
1.7330,68.4375,0.0224,53.9816,61.1506,0
1.0915,64.5080,0.0182,53.9857,97.2919,0
1.4891,65.5157,0.0217,55.8206,99.3624,0
1.1542,80.9663,0.0153,59.4960,66.0705,2
1.5480,61.3785,0.0270,61.0219,69.1416,0
1.4348,56.8726,0.0201,91.7467,98.6469,4
1.9441,55.2654,0.0132,54.5015,70.9822,0
0.5000,55.5985,0.0112,59.5831,92.8130,1
1.9795,63.2570,0.0222,59.4224,55.1572,0
1.0372,63.3786,0.0208,52.6091,90.9658,0
1.2164,65.2941,0.0170,61.0731,85.3278,0
1.7662,63.7240,0.0096,46.8809,67.6023,0
1.1805,59.4535,0.0158,95.8425,84.5305,4
1.1035,66.8798,0.0192,51.6349,105.0536,5
1.2004,57.8702,0.0340,57.3237,52.2582,3
1.8363,78.4802,0.0121,52.6491,83.7484,2
1.2460,61.2244,0.0122,54.0447,93.5272,0
1.6011,66.8189,0.0119,66.9996,67.7001,0
1.8690,70.6423,0.0026,54.6303,53.4694,0
0.5000,61.6950,0.0102,54.5639,62.4232,1
1.8351,74.8463,0.0161,51.5078,67.6752,0
1.0656,63.3403,0.0049,60.7942,76.3050,0
1.3485,68.0856,0.0095,58.5430,108.0130,5
1.1048,66.7684,0.0067,52.6797,92.1557,0
0.5606,61.1104,0.0169,57.6059,76.6734,1
1.1926,62.3777,0.0149,60.0914,85.3473,1
1.2088,66.2243,0.0068,53.9530,90.1166,0
1.8893,64.9407,0.0797,52.2127,67.5055,3
0.5000,62.2785,0.0178,52.9668,55.3245,1
1.4362,80.0439,0.0143,55.4634,95.8842,2
1.6323,64.6363,0.0111,55.2511,74.0846,0
1.6132,68.3676,0.0123,63.8715,71.4839,0
1.0228,69.6965,0.0221,51.0071,95.4311,0
1.1309,77.2145,0.0072,59.7729,59.0885,2
1.9354,60.7455,0.0668,55.0159,67.0029,3
1.9870,62.2015,0.0105,57.2348,99.9096,0
1.9765,55.0273,0.0225,59.3030,88.6643,0
1.6230,90.6017,0.0130,46.3638,98.4394,2
1.0997,61.0210,0.0073,50.2066,56.6636,0
1.7581,79.5723,0.0171,55.5448,58.6725,2
1.8870,79.5167,0.0169,56.3995,68.6874,0
1.8450,59.6971,0.0153,55.9639,69.1602,0
1.2008,60.6043,0.0648,57.6453,56.3484,3
1.1929,57.9198,0.0135,58.4040,93.4461,1
1.1349,77.3720,0.0132,51.1262,50.1931,1
1.3814,55.8714,0.0130,55.4428,82.2285,0
1.2580,62.7754,0.0177,63.9168,86.1537,0
1.1798,69.9864,0.0134,51.1519,59.4445,0
1.1487,83.0624,0.0116,50.9559,72.2952,2
1.4210,65.8654,0.0178,58.7268,77.7598,0
1.0496,68.2198,0.0152,51.2166,129.5064,5
1.5974,65.4978,0.0124,48.4972,76.8098,0
1.2126,64.2075,0.0188,53.7134,73.3792,1
1.3162,62.2497,0.0681,53.8765,68.1850,3
1.1451,64.9886,0.0140,48.8853,77.4247,0
1.4664,65.0689,0.0144,60.3059,88.3208,0
1.6506,66.1715,0.0140,55.4244,60.1551,0
1.2499,65.6538,0.0685,66.3219,96.2144,3
1.7090,58.9446,0.0177,86.0178,69.9228,4
1.5199,71.3775,0.0185,40.4783,85.2326,0
1.1483,68.7090,0.0186,41.7351,77.8347,0
1.0313,59.2676,0.0187,66.9687,82.5387,0
1.5574,65.7085,0.0105,58.0421,75.4091,0
1.0869,87.8864,0.0119,55.5268,67.2970,2
1.4501,57.2914,0.0252,58.8971,94.9729,0
0.7563,69.8041,0.0219,55.9024,64.5793,1
1.9293,63.4724,0.0157,57.3984,90.2761,5
1.9459,62.3231,0.0118,59.8682,94.4937,0
0.6658,62.0288,0.0125,53.3921,91.6117,1
1.9429,71.7528,0.0228,56.4386,89.9756,5
1.6558,71.2196,0.0199,53.6869,107.3729,5
1.7997,66.0349,0.0194,53.8165,64.5979,0
1.7675,67.9948,0.0528,50.5930,53.8408,3
1.0753,58.1231,0.0175,51.4708,97.1733,0
1.1632,73.2416,0.0121,60.9407,125.6551,5
1.8981,97.9201,0.0185,53.7018,79.5477,2
1.1418,60.2285,0.0168,56.6260,119.2824,5
1.1709,64.6451,0.0111,59.6507,129.8185,5
1.6269,62.4334,0.0195,63.4272,103.4155,5
1.7465,58.2972,0.0141,48.9952,52.4101,0
1.7292,54.5323,0.0136,48.7082,104.0231,5
1.2507,62.7881,0.0076,56.0139,71.2342,0
1.6631,74.3747,0.0194,94.3478,70.8151,4
1.3922,59.9603,0.0164,54.0797,64.2283,0
1.8177,62.7357,0.0171,56.9439,86.1202,0
1.0806,61.5444,0.0079,51.1371,92.9396,0
1.9164,69.6170,0.0726,49.4067,80.4703,3
1.7067,61.2892,0.0179,56.8083,103.8791,5
1.0617,66.7941,0.0191,60.1133,121.6273,5
1.9494,65.5019,0.0167,89.5834,84.4067,4
1.2759,65.7548,0.0138,55.2442,107.2185,5
1.0506,59.2686,0.0186,61.0291,81.5040,0
1.1272,62.6381,0.0132,62.2123,60.2411,0
1.2788,64.4466,0.0118,53.4001,69.9958,0
1.7127,70.6383,0.0804,56.4288,76.2624,3
1.6623,69.9501,0.0203,53.5021,98.7658,5
1.3507,66.0431,0.0061,49.1796,123.2881,5
1.2995,61.1256,0.0106,88.3121,58.4881,4
1.7658,63.6165,0.0736,54.4364,52.4207,3
1.4057,67.6658,0.0218,56.3083,52.5845,0
1.6430,63.4075,0.0091,52.5071,83.7140,0
1.4428,64.2712,0.0152,54.6143,91.2970,0
1.7431,68.5702,0.0100,45.8758,86.0054,0
1.1081,64.3799,0.0150,56.9057,79.1781,0
1.2375,60.8125,0.0153,55.8397,92.7203,0
1.8909,63.9818,0.0147,52.7032,95.1444,0
1.1411,65.2357,0.0092,61.2048,59.4071,0
0.6996,73.5483,0.0233,51.5154,97.7238,1
1.3574,62.5300,0.0170,57.3271,67.1844,0
1.1053,58.3223,0.0061,48.4329,123.7876,5
1.2001,59.9779,0.0144,53.6356,76.2620,0
1.0339,88.4215,0.0133,57.2187,75.4391,2
1.0746,72.9026,0.0140,57.0967,123.9561,5
1.9041,84.7022,0.0122,49.1349,89.4588,2
1.6494,68.6799,0.0128,51.7771,88.7073,0
0.5140,59.2742,0.0131,56.7896,74.0695,1
1.1981,92.5762,0.0150,55.9382,98.7109,2
1.5476,62.6420,0.0661,57.5253,95.2053,3
1.8228,59.8968,0.0640,65.3323,71.0946,3
1.5775,63.3016,0.0156,58.5533,63.6706,0
1.7836,64.9466,0.0235,83.9237,60.6453,4
1.6640,66.6043,0.0171,56.3169,108.3831,5
1.0440,62.7556,0.0190,61.2135,52.2611,0
1.6048,71.7153,0.0057,75.5206,51.7697,4
1.3360,66.1277,0.0185,56.2512,91.4459,0
1.8247,58.5334,0.0163,53.9629,94.6419,0
1.6691,66.9741,0.0142,51.7209,86.3886,5
1.4685,70.7557,0.0034,48.0064,87.9601,5
1.7343,74.8137,0.0224,91.9010,80.4493,4
1.5759,67.7412,0.0122,96.1540,52.6809,4
1.4064,64.9306,0.0211,58.7616,73.9971,1
1.0064,60.0692,0.0149,57.6364,66.8956,1
1.7033,65.3686,0.0673,62.6195,98.0172,3
1.4133,59.5488,0.0150,56.4644,109.4078,5
1.8827,61.0647,0.0089,47.5885,125.5125,5
1.1939,64.7529,0.0222,97.9387,74.9532,4
1.1379,63.5486,0.0169,49.5982,121.7665,5
1.8048,94.9415,0.0198,51.8372,54.5101,2
1.0233,69.4722,0.0124,54.3947,51.4912,0
1.7260,58.0253,0.0142,88.2221,68.5780,4
1.2340,60.6332,0.0573,48.7201,78.1316,3
1.3477,55.1021,0.0132,62.5444,94.3750,0
1.4108,61.8803,0.0363,55.0628,51.7048,3
1.4029,71.2957,0.0222,52.3738,99.3385,0
1.4998,65.8344,0.0873,55.1731,97.4684,3
1.3211,65.2754,0.0164,58.4773,68.2689,0
1.1101,60.2315,0.0058,53.8001,65.6106,1
1.6473,58.9655,0.0739,55.1582,55.7977,3
1.3185,81.2574,0.0110,58.7748,53.1903,2
1.3545,60.2410,0.0194,49.5055,64.7163,0
1.2884,65.5784,0.0124,57.0915,74.3943,0
1.3653,67.9036,0.0211,56.1248,65.9213,0
1.2230,70.6549,0.0107,47.1386,97.1809,0
1.5508,71.1501,0.0172,47.6443,77.0016,5
1.3454,70.3884,0.0638,46.2124,95.8587,3
1.9456,63.8645,0.0102,46.1903,82.2542,0
1.5097,58.9366,0.0190,85.5103,73.7686,4
1.2774,76.9045,0.0168,60.8603,94.7479,2
1.7323,68.5290,0.0149,56.2530,128.1949,5
0.5882,58.6682,0.0216,56.5571,63.7835,1
1.8922,56.5846,0.0211,49.5887,71.0688,0
1.2044,82.9405,0.0100,55.2803,51.8383,2
1.3480,63.4653,0.0695,58.8540,53.8505,3
0.8623,72.2401,0.0171,59.3175,61.3112,1
1.8582,82.3922,0.0189,56.0982,71.8593,2
1.8606,58.7673,0.0150,53.2760,104.0683,5
0.5000,62.4603,0.0184,51.7507,52.0591,1
1.1310,67.1706,0.0182,50.2952,76.9536,0
1.1683,72.3216,0.0185,52.3198,76.4187,0
1.4614,84.0639,0.0199,61.2998,92.3965,2
1.9170,69.1228,0.0095,58.8338,99.8120,0
1.3001,66.9200,0.0798,51.7953,86.7837,3
1.1573,61.0493,0.0147,58.3287,56.9232,0
1.6810,67.8214,0.0143,55.2213,87.4978,0
1.4441,63.8438,0.0030,87.4696,56.9869,4
1.9506,64.4456,0.0110,61.8975,83.5152,0
1.6282,65.2418,0.0129,60.8744,66.7066,0
1.5204,65.6300,0.0207,64.9771,95.7381,0
1.4156,67.5561,0.0229,48.0081,58.9204,0
1.7727,63.9631,0.0148,57.0237,98.1386,0
1.7054,67.8302,0.0101,57.2139,96.6131,0
0.8281,66.1567,0.0191,47.9888,56.1346,1
1.3394,79.9851,0.0210,47.6570,53.8318,2
0.5380,72.7235,0.0125,54.1483,63.0148,1
1.7648,60.7223,0.0082,53.0394,55.2934,0
1.7120,67.6664,0.0094,58.3822,98.5829,0
1.6688,66.7852,0.0135,96.3869,53.0739,4
0.9192,67.1068,0.0156,59.5156,52.6035,1
1.6419,65.2388,0.0071,58.7963,81.6141,0
1.4031,61.4767,0.0150,51.4530,58.9266,0
1.5150,58.7395,0.0108,58.6418,91.2679,0
1.1807,64.1007,0.0146,72.3156,89.5099,4
1.2707,83.3184,0.0170,51.9319,83.5730,2
1.0979,63.7484,0.0200,53.9515,53.2833,0
1.0955,59.5767,0.0102,59.0230,87.9617,0
1.4637,60.4153,0.0155,61.4637,74.9870,0
1.8257,64.6583,0.0812,59.5841,77.8036,3
1.6129,61.8715,0.0156,60.2728,90.1282,0
1.7675,71.2532,0.0154,51.5533,84.7204,0
0.5000,68.4490,0.0159,58.6478,68.9296,1
1.0673,67.1002,0.0138,61.6493,119.5099,5
1.6893,69.9144,0.0238,86.9767,66.7866,4
0.5000,52.7310,0.0198,52.3425,88.1381,1
1.9407,59.4838,0.0070,57.0777,96.9647,0
0.6702,61.6376,0.0140,59.9484,75.9268,1
1.8196,71.2050,0.0247,70.1928,65.0029,4
1.0907,64.7972,0.0091,63.6504,98.0406,0
1.2847,65.5843,0.0148,62.1437,52.7605,0
